company_id,year,CFO_sign,CFI_sign,CFF_sign,pattern_label
ABB,2012-12,+,-,-,Shareholder Returns
ABB,2014-03,+,+,+,Aggressive Expansion
ABB,2015-03,-,-,+,Distress
ABB,2016-03,+,-,-,Reinvestor
ABB,2017-03,+,-,-,Reinvestor
ABB,2018-03,+,-,+,Growth Financed Externally
ABB,2019-03,+,-,+,Growth Financed Externally
ABB,2020-03,+,-,+,Growth Financed Externally
ABB,2021-03,+,-,-,Reinvestor
ABB,2022-03,+,-,-,Reinvestor
ABB,2023-03,+,-,+,Growth Financed Externally
ABB,2024-03,+,-,-,Reinvestor
ADANIENSOL,2014-03,+,+,+,Aggressive Expansion
ADANIENSOL,2015-03,-,-,+,Distress
ADANIENSOL,2016-03,+,-,-,Reinvestor
ADANIENSOL,2017-03,+,-,-,Reinvestor
ADANIENSOL,2018-03,+,-,+,Growth Financed Externally
ADANIENSOL,2019-03,+,-,+,Growth Financed Externally
ADANIENSOL,2020-03,+,-,+,Growth Financed Externally
ADANIENSOL,2021-03,+,-,-,Reinvestor
ADANIENSOL,2022-03,+,-,-,Reinvestor
ADANIENSOL,2023-03,+,-,+,Growth Financed Externally
ADANIENSOL,2024-03,+,-,-,Reinvestor
ADANIENT,2013-03,+,-,+,Growth Financed Externally
ADANIENT,2014-03,+,-,-,Reinvestor
ADANIENT,2015-03,+,-,+,Growth Financed Externally
ADANIENT,2016-03,+,-,-,Reinvestor
ADANIENT,2017-03,+,-,+,Growth Financed Externally
ADANIENT,2018-03,+,-,+,Growth Financed Externally
ADANIENT,2019-03,+,+,-,Deleveraging via Divestment
ADANIENT,2020-03,+,-,-,Reinvestor
ADANIENT,2021-03,+,-,+,Growth Financed Externally
ADANIENT,2022-03,+,-,+,Growth Financed Externally
ADANIENT,2023-03,+,-,-,Reinvestor
ADANIENT,2024-03,+,-,+,Growth Financed Externally
ADANIGREEN,2017-03,+,-,+,Growth Financed Externally
ADANIGREEN,2018-03,+,-,+,Growth Financed Externally
ADANIGREEN,2019-03,+,-,+,Growth Financed Externally
ADANIGREEN,2020-03,+,-,+,Growth Financed Externally
ADANIGREEN,2021-03,+,-,+,Growth Financed Externally
ADANIGREEN,2022-03,+,-,+,Growth Financed Externally
ADANIGREEN,2023-03,+,-,-,Reinvestor
ADANIGREEN,2024-03,+,-,+,Growth Financed Externally
ADANIPORTS,2013-03,+,-,+,Growth Financed Externally
ADANIPORTS,2014-03,+,-,+,Growth Financed Externally
ADANIPORTS,2015-03,+,-,-,Reinvestor
ADANIPORTS,2016-03,+,-,+,Growth Financed Externally
ADANIPORTS,2017-03,+,-,-,Reinvestor
ADANIPORTS,2018-03,+,-,-,Reinvestor
ADANIPORTS,2019-03,+,-,+,Growth Financed Externally
ADANIPORTS,2020-03,+,-,-,Reinvestor
ADANIPORTS,2021-03,+,-,+,Growth Financed Externally
ADANIPORTS,2022-03,+,-,-,Reinvestor
ADANIPORTS,2023-03,+,-,-,Reinvestor
ADANIPORTS,2024-03,+,-,-,Reinvestor
ADANIPOWER,2013-03,+,-,+,Growth Financed Externally
ADANIPOWER,2014-03,+,-,+,Growth Financed Externally
ADANIPOWER,2015-03,+,-,-,Shareholder Returns
ADANIPOWER,2016-03,+,-,-,Reinvestor
ADANIPOWER,2017-03,+,-,-,Shareholder Returns
ADANIPOWER,2018-03,+,-,-,Shareholder Returns
ADANIPOWER,2019-03,+,-,-,Shareholder Returns
ADANIPOWER,2020-03,+,-,-,Shareholder Returns
ADANIPOWER,2021-03,+,-,-,Reinvestor
ADANIPOWER,2022-03,+,+,-,Deleveraging via Divestment
ADANIPOWER,2023-03,+,+,-,Deleveraging via Divestment
ADANIPOWER,2024-03,+,+,-,Deleveraging via Divestment
AMBUJACEM,2012-12,+,-,-,Reinvestor
AMBUJACEM,2013-12,+,-,-,Shareholder Returns
AMBUJACEM,2014-12,+,-,-,Reinvestor
AMBUJACEM,2015-12,+,-,-,Reinvestor
AMBUJACEM,2016-12,+,-,-,Reinvestor
AMBUJACEM,2017-12,+,-,-,Reinvestor
AMBUJACEM,2018-12,+,-,-,Shareholder Returns
AMBUJACEM,2019-12,+,-,-,Reinvestor
AMBUJACEM,2020-12,+,-,-,Reinvestor
AMBUJACEM,2021-12,+,-,-,Reinvestor
AMBUJACEM,2024-03,+,-,+,Growth Financed Externally
APOLLOHOSP,2013-03,+,-,+,Growth Financed Externally
APOLLOHOSP,2014-03,+,-,-,Reinvestor
APOLLOHOSP,2015-03,+,-,+,Growth Financed Externally
APOLLOHOSP,2016-03,+,-,+,Growth Financed Externally
APOLLOHOSP,2017-03,+,-,+,Growth Financed Externally
APOLLOHOSP,2018-03,+,-,-,Reinvestor
APOLLOHOSP,2019-03,+,-,-,Reinvestor
APOLLOHOSP,2020-03,+,-,-,Reinvestor
APOLLOHOSP,2021-03,+,-,-,Reinvestor
APOLLOHOSP,2022-03,+,-,-,Reinvestor
APOLLOHOSP,2023-03,+,-,-,Reinvestor
APOLLOHOSP,2024-03,+,-,-,Reinvestor
ASIANPAINT,2013-03,+,-,-,Reinvestor
ASIANPAINT,2014-03,+,-,-,Reinvestor
ASIANPAINT,2015-03,+,-,-,Shareholder Returns
ASIANPAINT,2016-03,+,-,-,Reinvestor
ASIANPAINT,2017-03,+,-,-,Shareholder Returns
ASIANPAINT,2018-03,+,-,-,Reinvestor
ASIANPAINT,2019-03,+,-,-,Reinvestor
ASIANPAINT,2020-03,+,-,-,Reinvestor
ASIANPAINT,2021-03,+,-,-,Reinvestor
ASIANPAINT,2022-03,+,-,-,Shareholder Returns
ASIANPAINT,2023-03,+,-,-,Shareholder Returns
ASIANPAINT,2024-03,+,-,-,Reinvestor
BAJAJ-AUTO,2013-03,+,-,-,Shareholder Returns
BAJAJ-AUTO,2014-03,+,-,-,Reinvestor
BAJAJ-AUTO,2015-03,+,-,-,Shareholder Returns
BAJAJ-AUTO,2016-03,+,-,-,Shareholder Returns
BAJAJ-AUTO,2017-03,+,-,-,Shareholder Returns
BAJAJ-AUTO,2018-03,+,-,-,Reinvestor
BAJAJ-AUTO,2019-03,+,-,-,Shareholder Returns
BAJAJ-AUTO,2020-03,+,+,-,Deleveraging via Divestment
BAJAJ-AUTO,2021-03,+,-,-,Shareholder Returns
BAJAJ-AUTO,2022-03,+,+,-,Deleveraging via Divestment
BAJAJ-AUTO,2023-03,+,+,-,Deleveraging via Divestment
BAJAJ-AUTO,2024-03,+,-,-,Shareholder Returns
AXISBANK,2013-03,+,-,+,Growth Financed Externally
AXISBANK,2014-03,+,-,+,Growth Financed Externally
AXISBANK,2015-03,-,-,+,Distress
AXISBANK,2016-03,-,+,+,Distress
AXISBANK,2017-03,+,-,-,Reinvestor
AXISBANK,2018-03,-,-,+,Distress
AXISBANK,2019-03,+,-,+,Growth Financed Externally
AXISBANK,2020-03,+,-,+,Growth Financed Externally
AXISBANK,2021-03,+,-,+,Growth Financed Externally
AXISBANK,2022-03,+,-,+,Growth Financed Externally
AXISBANK,2023-03,+,-,+,Growth Financed Externally
AXISBANK,2024-03,-,-,+,Distress
BAJAJFINSV,2013-03,-,+,+,Distress
BAJAJFINSV,2014-03,-,+,+,Distress
BAJAJFINSV,2015-03,-,+,+,Distress
BAJAJFINSV,2016-03,-,-,+,Distress
BAJAJFINSV,2017-03,-,+,+,Distress
BAJAJFINSV,2018-03,-,-,+,Distress
BAJAJFINSV,2019-03,-,-,+,Distress
BAJAJFINSV,2020-03,-,-,+,Distress
BAJAJFINSV,2021-03,+,-,+,Growth Financed Externally
BAJAJFINSV,2022-03,-,+,+,Distress
BAJAJFINSV,2023-03,-,-,+,Distress
BAJAJFINSV,2024-03,-,-,+,Distress
BAJAJHLDNG,2013-03,+,-,-,Shareholder Returns
BAJAJHLDNG,2014-03,+,-,-,Shareholder Returns
BAJAJHLDNG,2015-03,+,-,-,Shareholder Returns
BAJAJHLDNG,2016-03,+,+,-,Deleveraging via Divestment
BAJAJHLDNG,2017-03,-,-,-,Cash Burn
BAJAJHLDNG,2018-03,+,-,-,Shareholder Returns
BAJAJHLDNG,2019-03,+,-,-,Shareholder Returns
BAJAJHLDNG,2020-03,+,-,-,Shareholder Returns
BAJAJHLDNG,2021-03,+,-,-,Shareholder Returns
BAJAJHLDNG,2022-03,+,-,-,Shareholder Returns
BAJAJHLDNG,2023-03,+,-,-,Shareholder Returns
BAJAJHLDNG,2024-03,+,-,-,Shareholder Returns
BAJFINANCE,2015-03,-,-,+,Distress
BAJFINANCE,2016-03,-,-,+,Distress
BAJFINANCE,2017-03,-,-,+,Distress
BAJFINANCE,2018-03,-,+,+,Distress
BAJFINANCE,2019-03,-,-,+,Distress
BAJFINANCE,2020-03,-,-,+,Distress
BAJFINANCE,2021-03,-,-,+,Distress
BAJFINANCE,2022-03,-,+,+,Distress
BAJFINANCE,2023-03,-,-,+,Distress
BAJFINANCE,2024-03,-,-,+,Distress
BANKBARODA,2013-03,+,-,-,Reinvestor
BANKBARODA,2014-03,+,-,+,Growth Financed Externally
BANKBARODA,2015-03,+,-,-,Reinvestor
BANKBARODA,2016-03,-,-,-,Cash Burn
BANKBARODA,2017-03,+,-,-,Reinvestor
BANKBARODA,2018-03,-,-,+,Distress
BANKBARODA,2019-03,-,-,+,Distress
BANKBARODA,2020-03,+,-,+,Growth Financed Externally
BANKBARODA,2021-03,-,-,-,Cash Burn
BANKBARODA,2022-03,+,-,-,Shareholder Returns
BANKBARODA,2023-03,-,-,-,Cash Burn
BANKBARODA,2024-03,-,-,+,Distress
BHARTIARTL,2013-03,+,-,-,Reinvestor
BHARTIARTL,2014-03,+,-,+,Growth Financed Externally
BHARTIARTL,2015-03,+,-,-,Reinvestor
BHARTIARTL,2016-03,+,-,-,Reinvestor
BHARTIARTL,2017-03,+,-,-,Reinvestor
BHARTIARTL,2018-03,+,-,+,Growth Financed Externally
BHARTIARTL,2019-03,+,-,+,Growth Financed Externally
BHARTIARTL,2020-03,+,-,+,Growth Financed Externally
BHARTIARTL,2021-03,+,-,-,Shareholder Returns
BHARTIARTL,2022-03,+,-,-,Reinvestor
BHARTIARTL,2023-03,+,-,-,Reinvestor
BHARTIARTL,2024-03,+,-,-,Reinvestor
BEL,2013-03,-,+,-,Distressed Asset Sale
BEL,2014-03,-,+,-,Distressed Asset Sale
BEL,2015-03,+,-,-,Reinvestor
BEL,2016-03,+,-,-,Reinvestor
BEL,2017-03,-,+,-,Distressed Asset Sale
BEL,2018-03,-,-,-,Cash Burn
BEL,2019-03,+,-,-,Shareholder Returns
BEL,2020-03,+,-,-,Reinvestor
BEL,2021-03,+,-,-,Reinvestor
BEL,2022-03,+,-,-,Reinvestor
BEL,2023-03,+,+,-,Deleveraging via Divestment
BEL,2024-03,+,-,-,Reinvestor
BHEL,2013-03,+,-,+,Growth Financed Externally
BHEL,2014-03,+,-,+,Growth Financed Externally
BHEL,2015-03,+,+,-,Deleveraging via Divestment
BHEL,2016-03,+,+,-,Deleveraging via Divestment
BHEL,2017-03,+,-,-,Reinvestor
BHEL,2018-03,+,+,-,Deleveraging via Divestment
BHEL,2019-03,-,+,-,Distressed Asset Sale
BHEL,2020-03,-,+,+,Distress
BHEL,2021-03,+,-,-,Shareholder Returns
BHEL,2022-03,+,-,-,Reinvestor
BHEL,2023-03,-,+,+,Distress
BHEL,2024-03,-,+,+,Distress
BOSCHLTD,2012-12,+,-,-,Shareholder Returns
BOSCHLTD,2013-12,+,-,-,Reinvestor
BOSCHLTD,2015-03,+,-,-,Reinvestor
BOSCHLTD,2016-03,+,-,-,Shareholder Returns
BOSCHLTD,2017-03,+,+,-,Deleveraging via Divestment
BOSCHLTD,2018-03,+,-,-,Reinvestor
BOSCHLTD,2019-03,+,+,-,Deleveraging via Divestment
BOSCHLTD,2020-03,+,-,-,Reinvestor
BOSCHLTD,2021-03,+,-,-,Reinvestor
BOSCHLTD,2022-03,+,-,-,Shareholder Returns
BOSCHLTD,2023-03,+,+,-,Deleveraging via Divestment
BOSCHLTD,2024-03,+,+,-,Deleveraging via Divestment
BPCL,2013-03,+,-,-,Reinvestor
BPCL,2014-03,+,-,-,Reinvestor
BPCL,2015-03,+,-,-,Reinvestor
BPCL,2016-03,+,-,-,Reinvestor
BPCL,2017-03,+,-,+,Growth Financed Externally
BPCL,2018-03,+,-,-,Reinvestor
BPCL,2019-03,+,-,+,Growth Financed Externally
BPCL,2020-03,+,-,+,Growth Financed Externally
BPCL,2021-03,+,-,-,Reinvestor
BPCL,2022-03,+,-,-,Reinvestor
BPCL,2023-03,+,-,-,Reinvestor
BPCL,2024-03,+,-,-,Reinvestor
BRITANNIA,2013-03,+,+,-,Deleveraging via Divestment
BRITANNIA,2014-03,+,-,-,Reinvestor
BRITANNIA,2015-03,+,-,-,Shareholder Returns
BRITANNIA,2016-03,+,-,-,Reinvestor
BRITANNIA,2017-03,+,-,-,Shareholder Returns
BRITANNIA,2018-03,+,-,-,Reinvestor
BRITANNIA,2019-03,+,-,-,Reinvestor
BRITANNIA,2020-03,+,-,+,Growth Financed Externally
BRITANNIA,2021-03,+,+,-,Deleveraging via Divestment
BRITANNIA,2022-03,+,+,-,Deleveraging via Divestment
BRITANNIA,2023-03,+,-,-,Reinvestor
BRITANNIA,2024-03,+,+,-,Deleveraging via Divestment
CANBK,2013-03,+,-,-,Reinvestor
CANBK,2014-03,+,-,-,Reinvestor
CANBK,2015-03,+,-,-,Reinvestor
CANBK,2016-03,+,-,-,Shareholder Returns
CANBK,2017-03,+,-,+,Growth Financed Externally
CANBK,2018-03,-,-,+,Distress
CANBK,2019-03,+,-,-,Reinvestor
CANBK,2020-03,-,-,+,Distress
CANBK,2021-03,+,-,+,Growth Financed Externally
CANBK,2022-03,+,-,+,Growth Financed Externally
CANBK,2023-03,-,-,+,Distress
CANBK,2024-03,+,-,-,Shareholder Returns
CHOLAFIN,2013-03,-,+,+,Distress
CHOLAFIN,2014-03,-,-,+,Distress
CHOLAFIN,2015-03,-,-,+,Distress
CHOLAFIN,2016-03,-,-,+,Distress
CHOLAFIN,2017-03,-,-,+,Distress
CHOLAFIN,2018-03,-,-,+,Distress
CHOLAFIN,2019-03,-,-,+,Distress
CHOLAFIN,2020-03,-,-,+,Distress
CHOLAFIN,2021-03,-,-,+,Distress
CHOLAFIN,2022-03,-,+,+,Distress
CHOLAFIN,2023-03,-,-,+,Distress
CHOLAFIN,2024-03,-,-,+,Distress
CIPLA,2013-03,+,-,+,Growth Financed Externally
CIPLA,2014-03,+,-,-,Reinvestor
CIPLA,2015-03,+,-,+,Growth Financed Externally
CIPLA,2016-03,+,-,+,Growth Financed Externally
CIPLA,2017-03,+,-,-,Reinvestor
CIPLA,2018-03,+,-,-,Reinvestor
CIPLA,2019-03,+,-,-,Reinvestor
CIPLA,2020-03,+,+,-,Deleveraging via Divestment
CIPLA,2021-03,+,-,-,Reinvestor
CIPLA,2022-03,+,-,-,Reinvestor
CIPLA,2023-03,+,-,-,Reinvestor
CIPLA,2024-03,+,-,-,Shareholder Returns
COALINDIA,2013-03,+,-,-,Shareholder Returns
COALINDIA,2014-03,+,+,-,Deleveraging via Divestment
COALINDIA,2015-03,+,+,-,Deleveraging via Divestment
COALINDIA,2016-03,+,+,-,Deleveraging via Divestment
COALINDIA,2017-03,+,+,-,Deleveraging via Divestment
COALINDIA,2018-03,+,-,-,Reinvestor
COALINDIA,2019-03,+,-,-,Shareholder Returns
COALINDIA,2020-03,+,+,-,Deleveraging via Divestment
COALINDIA,2021-03,+,+,-,Deleveraging via Divestment
COALINDIA,2022-03,+,-,-,Reinvestor
COALINDIA,2023-03,+,-,-,Reinvestor
COALINDIA,2024-03,+,-,-,Shareholder Returns
DABUR,2013-03,+,-,-,Reinvestor
DABUR,2014-03,+,-,-,Reinvestor
DABUR,2015-03,+,-,-,Shareholder Returns
DABUR,2016-03,+,-,-,Shareholder Returns
DABUR,2017-03,+,-,-,Shareholder Returns
DABUR,2018-03,+,-,-,Shareholder Returns
DABUR,2019-03,+,+,-,Deleveraging via Divestment
DABUR,2020-03,+,-,-,Reinvestor
DABUR,2021-03,+,-,-,Reinvestor
DABUR,2022-03,+,-,-,Reinvestor
DABUR,2023-03,+,-,-,Shareholder Returns
DABUR,2024-03,+,-,-,Reinvestor
DIVISLAB,2013-03,+,-,-,Shareholder Returns
DIVISLAB,2014-03,+,-,-,Shareholder Returns
DIVISLAB,2015-03,+,-,-,Shareholder Returns
DIVISLAB,2016-03,+,-,-,Shareholder Returns
DIVISLAB,2017-03,+,-,+,Growth Financed Externally
DIVISLAB,2018-03,+,-,-,Shareholder Returns
DIVISLAB,2019-03,+,-,-,Shareholder Returns
DIVISLAB,2020-03,+,-,-,Shareholder Returns
DIVISLAB,2021-03,+,+,-,Deleveraging via Divestment
DIVISLAB,2022-03,+,-,-,Shareholder Returns
DIVISLAB,2023-03,+,-,-,Reinvestor
DIVISLAB,2024-03,+,-,-,Shareholder Returns
DLF,2013-03,+,+,-,Deleveraging via Divestment
DLF,2014-03,+,+,-,Deleveraging via Divestment
DLF,2015-03,+,+,-,Deleveraging via Divestment
DLF,2016-03,+,-,-,Reinvestor
DLF,2017-03,-,+,+,Distress
DLF,2018-03,+,-,-,Shareholder Returns
DLF,2019-03,+,+,+,Aggressive Expansion
DLF,2020-03,+,+,-,Deleveraging via Divestment
DLF,2021-03,+,+,-,Deleveraging via Divestment
DLF,2022-03,+,+,-,Deleveraging via Divestment
DLF,2023-03,+,-,-,Reinvestor
DLF,2024-03,+,-,+,Growth Financed Externally
DMART,2013-03,+,-,+,Growth Financed Externally
DMART,2014-03,+,-,+,Growth Financed Externally
DMART,2015-03,+,-,+,Growth Financed Externally
DMART,2016-03,+,-,+,Growth Financed Externally
DMART,2017-03,+,-,+,Growth Financed Externally
DMART,2018-03,+,+,-,Deleveraging via Divestment
DMART,2019-03,+,-,+,Growth Financed Externally
DMART,2020-03,+,-,+,Growth Financed Externally
DMART,2021-03,+,-,-,Reinvestor
DMART,2022-03,+,-,-,Shareholder Returns
DMART,2023-03,+,-,-,Reinvestor
DMART,2024-03,+,-,-,Reinvestor
DRREDDY,2013-03,+,-,-,Shareholder Returns
DRREDDY,2014-03,+,-,-,Reinvestor
DRREDDY,2015-03,+,-,-,Reinvestor
DRREDDY,2016-03,+,-,-,Reinvestor
DRREDDY,2017-03,+,-,-,Reinvestor
DRREDDY,2018-03,+,-,-,Reinvestor
DRREDDY,2019-03,+,-,-,Reinvestor
DRREDDY,2020-03,+,-,-,Reinvestor
DRREDDY,2021-03,+,-,-,Reinvestor
DRREDDY,2022-03,+,-,-,Reinvestor
DRREDDY,2023-03,+,-,-,Reinvestor
DRREDDY,2024-03,+,-,-,Shareholder Returns
EICHERMOT,2012-12,+,-,-,Reinvestor
EICHERMOT,2013-12,+,-,-,Reinvestor
EICHERMOT,2014-12,+,-,-,Reinvestor
EICHERMOT,2016-03,+,-,-,Reinvestor
EICHERMOT,2017-03,+,-,+,Growth Financed Externally
EICHERMOT,2018-03,+,-,-,Reinvestor
EICHERMOT,2019-03,+,-,-,Shareholder Returns
EICHERMOT,2020-03,+,-,-,Shareholder Returns
EICHERMOT,2021-03,+,-,-,Reinvestor
EICHERMOT,2022-03,+,-,-,Shareholder Returns
EICHERMOT,2023-03,+,-,-,Shareholder Returns
EICHERMOT,2024-03,+,-,-,Shareholder Returns
GAIL,2013-03,+,-,+,Growth Financed Externally
GAIL,2014-03,+,-,-,Shareholder Returns
GAIL,2015-03,+,-,-,Reinvestor
GAIL,2016-03,+,-,-,Reinvestor
GAIL,2017-03,+,-,-,Reinvestor
GAIL,2018-03,+,-,-,Reinvestor
GAIL,2019-03,+,-,-,Reinvestor
GAIL,2020-03,+,-,+,Growth Financed Externally
GAIL,2021-03,+,-,-,Reinvestor
GAIL,2022-03,+,-,-,Shareholder Returns
GAIL,2023-03,+,-,+,Growth Financed Externally
GAIL,2024-03,+,-,-,Reinvestor
GODREJCP,2013-03,+,-,+,Growth Financed Externally
GODREJCP,2014-03,+,-,-,Reinvestor
GODREJCP,2015-03,+,-,-,Reinvestor
GODREJCP,2016-03,+,-,-,Reinvestor
GODREJCP,2017-03,+,-,+,Growth Financed Externally
GODREJCP,2018-03,+,-,-,Reinvestor
GODREJCP,2019-03,+,+,-,Deleveraging via Divestment
GODREJCP,2020-03,+,-,-,Reinvestor
GODREJCP,2021-03,+,-,-,Reinvestor
GODREJCP,2022-03,+,-,-,Shareholder Returns
GODREJCP,2023-03,+,-,-,Reinvestor
GODREJCP,2024-03,+,-,+,Growth Financed Externally
GRASIM,2013-03,+,-,+,Growth Financed Externally
GRASIM,2014-03,+,-,-,Reinvestor
GRASIM,2015-03,+,-,-,Reinvestor
GRASIM,2016-03,+,-,-,Reinvestor
GRASIM,2017-03,+,-,-,Reinvestor
GRASIM,2018-03,-,+,+,Distress
GRASIM,2019-03,-,-,+,Distress
GRASIM,2020-03,+,-,-,Reinvestor
GRASIM,2021-03,+,-,-,Reinvestor
GRASIM,2022-03,+,-,-,Shareholder Returns
GRASIM,2023-03,-,-,+,Distress
GRASIM,2024-03,-,-,+,Distress
HAL,2017-03,-,+,-,Distressed Asset Sale
HAL,2018-03,-,+,-,Distressed Asset Sale
HAL,2019-03,-,+,+,Distress
HAL,2020-03,+,-,+,Growth Financed Externally
HAL,2021-03,+,-,-,Reinvestor
HAL,2022-03,+,-,-,Reinvestor
HAL,2023-03,+,-,-,Reinvestor
HAL,2024-03,+,-,-,Reinvestor
HAVELLS,2013-03,+,-,-,Reinvestor
HAVELLS,2014-03,+,-,-,Reinvestor
HAVELLS,2015-03,+,-,-,Reinvestor
HAVELLS,2016-03,+,-,-,Shareholder Returns
HAVELLS,2017-03,+,-,-,Reinvestor
HAVELLS,2018-03,+,-,-,Reinvestor
HAVELLS,2019-03,+,+,-,Deleveraging via Divestment
HAVELLS,2020-03,+,-,-,Reinvestor
HAVELLS,2021-03,+,-,+,Growth Financed Externally
HAVELLS,2022-03,+,-,-,Reinvestor
HAVELLS,2023-03,+,+,-,Deleveraging via Divestment
HAVELLS,2024-03,+,-,-,Reinvestor
HCLTECH,2013-06,+,-,-,Reinvestor
HCLTECH,2014-06,+,-,-,Shareholder Returns
HCLTECH,2015-06,+,-,-,Shareholder Returns
HCLTECH,2017-03,+,-,-,Reinvestor
HCLTECH,2018-03,+,-,-,Shareholder Returns
HCLTECH,2019-03,+,-,-,Shareholder Returns
HCLTECH,2020-03,+,-,-,Reinvestor
HCLTECH,2021-03,+,-,-,Reinvestor
HCLTECH,2022-03,+,+,-,Deleveraging via Divestment
HCLTECH,2023-03,+,-,-,Reinvestor
HCLTECH,2024-03,+,-,-,Reinvestor
HDFCBANK,2013-03,-,-,+,Distress
HDFCBANK,2014-03,+,-,+,Growth Financed Externally
HDFCBANK,2015-03,-,-,+,Distress
HDFCBANK,2016-03,-,-,+,Distress
HDFCBANK,2017-03,+,-,-,Reinvestor
HDFCBANK,2018-03,+,-,+,Growth Financed Externally
HDFCBANK,2019-03,-,-,+,Distress
HDFCBANK,2020-03,-,-,+,Distress
HDFCBANK,2021-03,+,-,-,Reinvestor
HDFCBANK,2022-03,-,-,+,Distress
HDFCBANK,2023-03,+,-,+,Growth Financed Externally
HDFCBANK,2024-03,+,+,-,Deleveraging via Divestment
HDFCLIFE,2015-03,+,-,-,Reinvestor
HDFCLIFE,2016-03,+,-,-,Reinvestor
HDFCLIFE,2017-03,+,-,-,Reinvestor
HDFCLIFE,2018-03,+,-,-,Reinvestor
HDFCLIFE,2019-03,+,-,-,Reinvestor
HDFCLIFE,2020-03,+,-,+,Growth Financed Externally
HDFCLIFE,2021-03,+,-,+,Growth Financed Externally
HDFCLIFE,2022-03,+,-,-,Reinvestor
HDFCLIFE,2023-03,+,-,+,Growth Financed Externally
HDFCLIFE,2024-03,+,-,-,Reinvestor
HEROMOTOCO,2014-03,+,-,-,Reinvestor
HEROMOTOCO,2015-03,+,+,-,Deleveraging via Divestment
HEROMOTOCO,2016-03,+,-,-,Reinvestor
HEROMOTOCO,2017-03,+,-,-,Reinvestor
HEROMOTOCO,2018-03,+,-,-,Reinvestor
HEROMOTOCO,2019-03,+,+,-,Deleveraging via Divestment
HEROMOTOCO,2020-03,+,-,-,Reinvestor
HEROMOTOCO,2021-03,+,-,-,Reinvestor
HEROMOTOCO,2022-03,+,-,-,Shareholder Returns
HEROMOTOCO,2023-03,+,-,-,Shareholder Returns
HEROMOTOCO,2024-03,+,-,-,Reinvestor
HINDALCO,2013-03,+,-,+,Growth Financed Externally
HINDALCO,2014-03,+,-,+,Growth Financed Externally
HINDALCO,2015-03,+,-,-,Reinvestor
HINDALCO,2016-03,+,-,-,Shareholder Returns
HINDALCO,2017-03,+,-,-,Reinvestor
HINDALCO,2018-03,+,+,-,Deleveraging via Divestment
HINDALCO,2019-03,+,-,-,Reinvestor
HINDALCO,2020-03,+,-,+,Growth Financed Externally
HINDALCO,2021-03,+,-,-,Reinvestor
HINDALCO,2022-03,+,-,-,Reinvestor
HINDALCO,2023-03,+,-,-,Reinvestor
HINDALCO,2024-03,+,-,-,Reinvestor
HINDUNILVR,2013-03,+,+,-,Deleveraging via Divestment
HINDUNILVR,2014-03,+,-,-,Shareholder Returns
HINDUNILVR,2015-03,+,+,-,Deleveraging via Divestment
HINDUNILVR,2016-03,+,-,-,Reinvestor
HINDUNILVR,2017-03,+,-,-,Reinvestor
HINDUNILVR,2018-03,+,-,-,Reinvestor
HINDUNILVR,2019-03,+,-,-,Shareholder Returns
HINDUNILVR,2020-03,+,+,-,Deleveraging via Divestment
HINDUNILVR,2021-03,+,-,-,Reinvestor
HINDUNILVR,2022-03,+,-,-,Reinvestor
HINDUNILVR,2023-03,+,-,-,Shareholder Returns
HINDUNILVR,2024-03,+,-,-,Reinvestor
ICICIBANK,2013-03,+,-,+,Growth Financed Externally
ICICIBANK,2014-03,+,-,+,Growth Financed Externally
ICICIBANK,2015-03,-,-,+,Distress
ICICIBANK,2016-03,+,-,+,Growth Financed Externally
ICICIBANK,2017-03,+,-,-,Reinvestor
ICICIBANK,2018-03,+,-,+,Growth Financed Externally
ICICIBANK,2019-03,+,-,-,Reinvestor
ICICIBANK,2020-03,+,-,+,Growth Financed Externally
ICICIBANK,2021-03,+,-,-,Reinvestor
ICICIBANK,2022-03,+,-,+,Growth Financed Externally
ICICIBANK,2023-03,-,-,+,Distress
ICICIBANK,2024-03,+,-,+,Growth Financed Externally
ICICIGI,2013-03,+,-,+,Growth Financed Externally
ICICIGI,2014-03,+,-,+,Growth Financed Externally
ICICIGI,2015-03,-,+,-,Distressed Asset Sale
ICICIGI,2016-03,+,-,-,Reinvestor
ICICIGI,2017-03,+,-,+,Growth Financed Externally
ICICIGI,2018-03,+,-,-,Reinvestor
ICICIGI,2019-03,+,-,-,Reinvestor
ICICIGI,2020-03,+,-,-,Reinvestor
ICICIGI,2021-03,+,-,-,Reinvestor
ICICIGI,2022-03,+,+,-,Deleveraging via Divestment
ICICIGI,2023-03,+,-,-,Reinvestor
ICICIGI,2024-03,+,-,-,Reinvestor
ICICIPRULI,2013-03,-,+,-,Distressed Asset Sale
ICICIPRULI,2014-03,-,+,-,Distressed Asset Sale
ICICIPRULI,2015-03,+,-,-,Shareholder Returns
ICICIPRULI,2016-03,+,+,-,Deleveraging via Divestment
ICICIPRULI,2017-03,+,-,-,Reinvestor
ICICIPRULI,2018-03,+,-,-,Reinvestor
ICICIPRULI,2019-03,+,-,-,Reinvestor
ICICIPRULI,2020-03,+,-,-,Reinvestor
ICICIPRULI,2021-03,+,-,+,Growth Financed Externally
ICICIPRULI,2022-03,+,-,-,Reinvestor
ICICIPRULI,2023-03,+,-,-,Shareholder Returns
ICICIPRULI,2024-03,-,+,-,Distressed Asset Sale
INDUSINDBK,2013-03,-,-,+,Distress
INDUSINDBK,2014-03,-,-,+,Distress
INDUSINDBK,2015-03,-,-,+,Distress
INDUSINDBK,2016-03,-,-,+,Distress
INDUSINDBK,2017-03,+,-,-,Reinvestor
INDUSINDBK,2018-03,-,-,+,Distress
INDUSINDBK,2019-03,-,-,+,Distress
INDUSINDBK,2020-03,-,+,+,Distress
INDUSINDBK,2021-03,+,-,-,Reinvestor
INDUSINDBK,2022-03,+,-,-,Reinvestor
INDUSINDBK,2023-03,-,-,+,Distress
INDUSINDBK,2024-03,-,-,-,Cash Burn
INFY,2013-03,+,-,-,Shareholder Returns
INFY,2014-03,+,-,-,Shareholder Returns
INFY,2015-03,+,+,-,Deleveraging via Divestment
INFY,2016-03,+,-,-,Shareholder Returns
INFY,2017-03,+,-,-,Shareholder Returns
INFY,2018-03,+,+,-,Deleveraging via Divestment
INFY,2019-03,+,-,-,Shareholder Returns
INFY,2020-03,+,-,-,Reinvestor
INFY,2021-03,+,-,-,Reinvestor
INFY,2022-03,+,-,-,Reinvestor
INFY,2023-03,+,-,-,Shareholder Returns
INFY,2024-03,+,-,-,Shareholder Returns
IOC,2013-03,+,-,+,Growth Financed Externally
IOC,2014-03,+,-,-,Reinvestor
IOC,2015-03,+,-,-,Reinvestor
IOC,2016-03,+,-,-,Reinvestor
IOC,2017-03,+,-,-,Reinvestor
IOC,2018-03,+,-,-,Reinvestor
IOC,2019-03,+,-,+,Growth Financed Externally
IOC,2020-03,+,-,+,Growth Financed Externally
IOC,2021-03,+,-,-,Reinvestor
IOC,2022-03,+,-,-,Reinvestor
IOC,2023-03,+,-,-,Reinvestor
IOC,2024-03,+,-,-,Reinvestor
IRCTC,2015-03,+,-,-,Shareholder Returns
IRCTC,2016-03,+,+,-,Deleveraging via Divestment
IRCTC,2017-03,+,+,-,Deleveraging via Divestment
IRCTC,2018-03,+,+,-,Deleveraging via Divestment
IRCTC,2019-03,+,-,-,Reinvestor
IRCTC,2020-03,+,+,-,Deleveraging via Divestment
IRCTC,2021-03,+,-,-,Reinvestor
IRCTC,2022-03,+,-,-,Shareholder Returns
IRCTC,2023-03,+,-,-,Shareholder Returns
IRCTC,2024-03,+,-,-,Shareholder Returns
IRFC,2016-03,-,+,+,Distress
IRFC,2017-03,-,+,+,Distress
IRFC,2018-03,-,+,+,Distress
IRFC,2019-03,-,+,+,Distress
IRFC,2020-03,-,+,+,Distress
IRFC,2021-03,-,+,+,Distress
IRFC,2022-03,-,-,+,Distress
IRFC,2023-03,-,+,+,Distress
IRFC,2024-03,+,-,-,Reinvestor
ITC,2013-03,+,-,-,Shareholder Returns
ITC,2014-03,+,-,-,Shareholder Returns
ITC,2015-03,+,-,-,Reinvestor
ITC,2016-03,+,-,-,Reinvestor
ITC,2017-03,+,-,-,Reinvestor
ITC,2018-03,+,-,-,Reinvestor
ITC,2019-03,+,-,-,Shareholder Returns
ITC,2020-03,+,-,-,Shareholder Returns
ITC,2021-03,+,+,-,Deleveraging via Divestment
ITC,2022-03,+,-,-,Reinvestor
ITC,2023-03,+,-,-,Shareholder Returns
ITC,2024-03,+,+,-,Deleveraging via Divestment
JINDALSTEL,2013-03,+,-,+,Growth Financed Externally
JINDALSTEL,2014-03,+,-,+,Growth Financed Externally
JINDALSTEL,2015-03,+,-,+,Growth Financed Externally
JINDALSTEL,2016-03,+,-,-,Shareholder Returns
JINDALSTEL,2017-03,+,-,-,Shareholder Returns
JINDALSTEL,2018-03,+,-,-,Shareholder Returns
JINDALSTEL,2019-03,+,-,-,Shareholder Returns
JINDALSTEL,2020-03,+,-,-,Shareholder Returns
JINDALSTEL,2021-03,+,-,-,Reinvestor
JINDALSTEL,2022-03,+,-,-,Reinvestor
JINDALSTEL,2023-03,+,-,-,Reinvestor
JINDALSTEL,2024-03,+,-,+,Growth Financed Externally
JIOFIN,2023-03,+,-,-,Reinvestor
JIOFIN,2024-03,-,+,-,Distressed Asset Sale
JSWENERGY,2013-03,+,-,-,Reinvestor
JSWENERGY,2014-03,+,-,-,Reinvestor
JSWENERGY,2015-03,+,-,-,Reinvestor
JSWENERGY,2016-03,+,-,-,Reinvestor
JSWENERGY,2017-03,+,-,-,Reinvestor
JSWENERGY,2018-03,+,-,-,Reinvestor
JSWENERGY,2019-03,+,-,-,Reinvestor
JSWENERGY,2020-03,+,+,-,Deleveraging via Divestment
JSWENERGY,2021-03,+,-,-,Reinvestor
JSWENERGY,2022-03,+,-,-,Reinvestor
JSWENERGY,2023-03,+,-,+,Growth Financed Externally
JSWENERGY,2024-03,+,-,+,Growth Financed Externally
JSWSTEEL,2013-03,+,-,-,Reinvestor
JSWSTEEL,2014-03,+,-,+,Growth Financed Externally
JSWSTEEL,2015-03,+,-,-,Reinvestor
JSWSTEEL,2016-03,+,-,-,Shareholder Returns
JSWSTEEL,2017-03,+,-,-,Reinvestor
JSWSTEEL,2018-03,+,-,-,Reinvestor
JSWSTEEL,2019-03,+,-,+,Growth Financed Externally
JSWSTEEL,2020-03,+,-,+,Growth Financed Externally
JSWSTEEL,2021-03,+,-,-,Reinvestor
JSWSTEEL,2022-03,+,-,-,Reinvestor
JSWSTEEL,2023-03,+,-,-,Reinvestor
JSWSTEEL,2024-03,+,-,-,Reinvestor
KOTAKBANK,2013-03,+,-,+,Growth Financed Externally
KOTAKBANK,2014-03,+,-,-,Reinvestor
KOTAKBANK,2015-03,+,-,+,Growth Financed Externally
KOTAKBANK,2016-03,+,-,+,Growth Financed Externally
KOTAKBANK,2017-03,+,-,+,Growth Financed Externally
KOTAKBANK,2018-03,-,-,+,Distress
KOTAKBANK,2019-03,+,-,+,Growth Financed Externally
KOTAKBANK,2020-03,+,-,-,Reinvestor
KOTAKBANK,2021-03,+,-,-,Shareholder Returns
KOTAKBANK,2022-03,+,-,+,Growth Financed Externally
KOTAKBANK,2023-03,-,-,+,Distress
KOTAKBANK,2024-03,+,-,+,Growth Financed Externally
LICI,2019-03,+,+,-,Deleveraging via Divestment
LICI,2020-03,+,-,-,Reinvestor
LICI,2021-03,+,+,-,Deleveraging via Divestment
LICI,2022-03,-,+,+,Distress
LICI,2023-03,+,-,-,Reinvestor
LICI,2024-03,+,-,-,Shareholder Returns
LODHA,2016-03,+,-,+,Growth Financed Externally
LODHA,2017-03,+,-,-,Reinvestor
LODHA,2018-03,+,-,+,Growth Financed Externally
LODHA,2019-03,-,-,+,Distress
LODHA,2020-03,+,+,-,Deleveraging via Divestment
LODHA,2021-03,+,+,-,Deleveraging via Divestment
LODHA,2022-03,+,+,-,Deleveraging via Divestment
LODHA,2023-03,+,+,-,Deleveraging via Divestment
LODHA,2024-03,+,-,+,Growth Financed Externally
LT,2013-03,-,-,+,Distress
LT,2014-03,-,-,+,Distress
LT,2015-03,-,-,+,Distress
LT,2016-03,-,-,+,Distress
LT,2017-03,+,-,+,Growth Financed Externally
LT,2018-03,-,+,+,Distress
LT,2019-03,-,-,+,Distress
LT,2020-03,+,-,+,Growth Financed Externally
LT,2021-03,+,-,-,Reinvestor
LT,2022-03,+,-,-,Reinvestor
LT,2023-03,+,-,-,Reinvestor
LT,2024-03,+,+,-,Deleveraging via Divestment
LTIM,2013-03,+,-,-,Reinvestor
LTIM,2014-03,+,+,-,Deleveraging via Divestment
LTIM,2015-03,+,-,-,Shareholder Returns
LTIM,2016-03,+,-,-,Reinvestor
LTIM,2017-03,+,-,-,Reinvestor
LTIM,2018-03,+,-,-,Shareholder Returns
LTIM,2019-03,+,-,-,Shareholder Returns
LTIM,2020-03,+,-,-,Reinvestor
LTIM,2021-03,+,-,-,Reinvestor
LTIM,2022-03,+,-,-,Shareholder Returns
LTIM,2023-03,+,-,-,Shareholder Returns
LTIM,2024-03,+,-,-,Reinvestor
M&M,2013-03,-,-,+,Distress
M&M,2014-03,-,-,+,Distress
M&M,2015-03,+,-,+,Growth Financed Externally
M&M,2016-03,+,-,+,Growth Financed Externally
M&M,2017-03,+,-,+,Growth Financed Externally
M&M,2018-03,+,-,+,Growth Financed Externally
M&M,2019-03,-,-,+,Distress
M&M,2020-03,-,-,+,Distress
M&M,2021-03,+,-,+,Growth Financed Externally
M&M,2022-03,+,-,-,Reinvestor
M&M,2023-03,-,-,+,Distress
M&M,2024-03,-,-,+,Distress
MARUTI,2013-03,+,-,-,Reinvestor
MARUTI,2014-03,+,-,-,Reinvestor
MARUTI,2015-03,+,-,-,Reinvestor
MARUTI,2016-03,+,-,-,Reinvestor
MARUTI,2017-03,+,-,-,Reinvestor
MARUTI,2018-03,+,-,-,Reinvestor
MARUTI,2019-03,+,-,-,Shareholder Returns
MARUTI,2020-03,+,-,-,Shareholder Returns
MARUTI,2021-03,+,-,-,Reinvestor
MARUTI,2022-03,+,-,-,Shareholder Returns
MARUTI,2023-03,+,-,-,Reinvestor
MARUTI,2024-03,+,-,-,Reinvestor
MOTHERSON,2013-03,+,-,-,Reinvestor
MOTHERSON,2014-03,+,-,-,Reinvestor
MOTHERSON,2015-03,+,-,+,Growth Financed Externally
MOTHERSON,2016-03,+,-,-,Reinvestor
MOTHERSON,2017-03,+,-,+,Growth Financed Externally
MOTHERSON,2018-03,+,-,-,Reinvestor
MOTHERSON,2019-03,+,-,-,Reinvestor
MOTHERSON,2020-03,+,-,-,Reinvestor
MOTHERSON,2021-03,+,-,-,Reinvestor
MOTHERSON,2022-03,+,-,-,Reinvestor
MOTHERSON,2023-03,+,-,-,Reinvestor
MOTHERSON,2024-03,+,-,+,Growth Financed Externally
NAUKRI,2013-03,+,-,-,Shareholder Returns
NAUKRI,2014-03,+,-,+,Growth Financed Externally
NAUKRI,2015-03,+,-,+,Growth Financed Externally
NAUKRI,2016-03,+,-,-,Shareholder Returns
NAUKRI,2017-03,+,-,-,Shareholder Returns
NAUKRI,2018-03,+,-,-,Shareholder Returns
NAUKRI,2019-03,+,-,-,Shareholder Returns
NAUKRI,2020-03,+,+,-,Deleveraging via Divestment
NAUKRI,2021-03,+,-,+,Growth Financed Externally
NAUKRI,2022-03,+,-,+,Growth Financed Externally
NAUKRI,2023-03,+,-,+,Growth Financed Externally
NAUKRI,2024-03,+,-,+,Growth Financed Externally
NESTLEIND,2013-12,+,-,-,Reinvestor
NESTLEIND,2014-12,+,-,-,Reinvestor
NESTLEIND,2015-12,+,-,-,Reinvestor
NESTLEIND,2016-12,+,-,-,Reinvestor
NESTLEIND,2017-12,+,-,-,Reinvestor
NESTLEIND,2018-12,+,-,-,Reinvestor
NESTLEIND,2019-12,+,+,-,Deleveraging via Divestment
NESTLEIND,2020-12,+,-,-,Reinvestor
NESTLEIND,2021-12,+,-,-,Reinvestor
NESTLEIND,2022-12,+,-,-,Reinvestor
NESTLEIND,2023-12,+,-,-,Reinvestor
NESTLEIND,2024-03,+,-,-,Reinvestor
NHPC,2013-03,+,-,-,Shareholder Returns
NHPC,2014-03,+,-,-,Reinvestor
NHPC,2015-03,+,-,-,Reinvestor
NHPC,2016-03,+,-,-,Reinvestor
NHPC,2017-03,+,-,-,Reinvestor
NHPC,2018-03,+,-,-,Reinvestor
NHPC,2019-03,+,-,-,Reinvestor
NHPC,2020-03,+,-,+,Growth Financed Externally
NHPC,2021-03,+,-,-,Reinvestor
NHPC,2022-03,+,-,-,Reinvestor
NHPC,2023-03,+,-,-,Reinvestor
NHPC,2024-03,+,-,-,Reinvestor
NTPC,2013-03,+,-,+,Growth Financed Externally
NTPC,2014-03,+,-,-,Reinvestor
NTPC,2015-03,+,-,-,Reinvestor
NTPC,2016-03,+,-,-,Reinvestor
NTPC,2017-03,+,-,+,Growth Financed Externally
NTPC,2018-03,+,-,+,Growth Financed Externally
NTPC,2019-03,+,-,+,Growth Financed Externally
NTPC,2020-03,+,-,+,Growth Financed Externally
NTPC,2021-03,+,-,-,Reinvestor
NTPC,2022-03,+,-,-,Reinvestor
NTPC,2023-03,+,-,-,Reinvestor
NTPC,2024-03,+,-,-,Reinvestor
ONGC,2013-03,+,-,-,Reinvestor
ONGC,2014-03,+,-,+,Growth Financed Externally
ONGC,2015-03,+,-,-,Reinvestor
ONGC,2016-03,+,-,-,Reinvestor
ONGC,2017-03,+,-,-,Reinvestor
ONGC,2018-03,+,-,+,Growth Financed Externally
ONGC,2019-03,+,-,-,Reinvestor
ONGC,2020-03,+,-,-,Reinvestor
ONGC,2021-03,+,-,-,Reinvestor
ONGC,2022-03,+,-,-,Reinvestor
ONGC,2023-03,+,-,-,Reinvestor
ONGC,2024-03,+,-,-,Reinvestor
PFC,2013-03,-,+,+,Distress
PFC,2014-03,-,+,+,Distress
PFC,2015-03,-,-,+,Distress
PFC,2016-03,-,-,+,Distress
PFC,2017-03,+,-,+,Growth Financed Externally
PFC,2018-03,-,+,+,Distress
PFC,2019-03,-,-,+,Distress
PFC,2020-03,-,-,+,Distress
PFC,2021-03,-,+,+,Distress
PFC,2022-03,+,-,-,Shareholder Returns
PFC,2023-03,-,-,+,Distress
PFC,2024-03,-,-,+,Distress
PIDILITIND,2013-03,+,-,-,Reinvestor
PIDILITIND,2014-03,+,-,-,Shareholder Returns
PIDILITIND,2015-03,+,-,-,Reinvestor
PIDILITIND,2016-03,+,-,-,Reinvestor
PIDILITIND,2017-03,+,-,+,Growth Financed Externally
PIDILITIND,2018-03,+,+,-,Deleveraging via Divestment
PIDILITIND,2019-03,+,-,-,Shareholder Returns
PIDILITIND,2020-03,+,+,-,Deleveraging via Divestment
PIDILITIND,2021-03,+,-,-,Reinvestor
PIDILITIND,2022-03,+,-,-,Shareholder Returns
PIDILITIND,2023-03,+,-,-,Reinvestor
PIDILITIND,2024-03,+,-,-,Reinvestor
PNB,2013-03,-,-,-,Cash Burn
PNB,2014-03,+,-,+,Growth Financed Externally
PNB,2015-03,+,-,+,Growth Financed Externally
PNB,2016-03,+,-,+,Growth Financed Externally
PNB,2017-03,+,+,-,Deleveraging via Divestment
PNB,2018-03,-,+,+,Distress
PNB,2019-03,-,-,+,Distress
PNB,2020-03,-,-,+,Distress
PNB,2021-03,+,-,+,Growth Financed Externally
PNB,2022-03,+,-,+,Growth Financed Externally
PNB,2023-03,+,-,+,Growth Financed Externally
PNB,2024-03,-,-,+,Distress
POWERGRID,2013-03,+,-,+,Growth Financed Externally
POWERGRID,2014-03,+,-,+,Growth Financed Externally
POWERGRID,2015-03,+,-,+,Growth Financed Externally
POWERGRID,2016-03,+,-,+,Growth Financed Externally
POWERGRID,2017-03,+,-,+,Growth Financed Externally
POWERGRID,2018-03,+,-,+,Growth Financed Externally
POWERGRID,2019-03,+,-,-,Reinvestor
POWERGRID,2020-03,+,-,-,Reinvestor
POWERGRID,2021-03,+,-,-,Reinvestor
POWERGRID,2022-03,+,+,-,Deleveraging via Divestment
POWERGRID,2023-03,+,-,-,Reinvestor
POWERGRID,2024-03,+,-,-,Reinvestor
RECLTD,2013-03,-,+,+,Distress
RECLTD,2014-03,-,+,+,Distress
RECLTD,2015-03,-,+,+,Distress
RECLTD,2016-03,-,-,+,Distress
RECLTD,2017-03,+,-,-,Reinvestor
RECLTD,2018-03,-,+,+,Distress
RECLTD,2019-03,-,+,+,Distress
RECLTD,2020-03,-,+,+,Distress
RECLTD,2021-03,-,+,+,Distress
RECLTD,2022-03,-,-,+,Distress
RECLTD,2023-03,-,-,+,Distress
RECLTD,2024-03,-,-,+,Distress
RELIANCE,2013-03,+,-,+,Growth Financed Externally
RELIANCE,2014-03,+,-,+,Growth Financed Externally
RELIANCE,2015-03,+,-,+,Growth Financed Externally
RELIANCE,2016-03,+,-,-,Reinvestor
RELIANCE,2017-03,+,-,+,Growth Financed Externally
RELIANCE,2018-03,+,-,-,Reinvestor
RELIANCE,2019-03,+,-,+,Growth Financed Externally
RELIANCE,2020-03,+,-,-,Reinvestor
RELIANCE,2021-03,+,-,+,Growth Financed Externally
RELIANCE,2022-03,+,-,+,Growth Financed Externally
RELIANCE,2023-03,+,-,+,Growth Financed Externally
RELIANCE,2024-03,+,-,-,Reinvestor
SBILIFE,2013-03,+,-,-,Reinvestor
SBILIFE,2014-03,+,-,-,Shareholder Returns
SBILIFE,2015-03,+,-,-,Reinvestor
SBILIFE,2016-03,+,-,-,Reinvestor
SBILIFE,2017-03,+,-,-,Reinvestor
SBILIFE,2018-03,+,-,-,Reinvestor
SBILIFE,2019-03,+,-,-,Reinvestor
SBILIFE,2020-03,+,-,-,Reinvestor
SBILIFE,2021-03,+,-,+,Growth Financed Externally
SBILIFE,2022-03,+,-,-,Reinvestor
SBILIFE,2023-03,+,-,-,Reinvestor
SBILIFE,2024-03,+,-,-,Reinvestor
SBIN,2013-03,+,-,-,Reinvestor
SBIN,2014-03,+,-,+,Growth Financed Externally
SBIN,2015-03,+,-,-,Reinvestor
SBIN,2016-03,+,-,+,Growth Financed Externally
SBIN,2017-03,+,-,-,Shareholder Returns
SBIN,2018-03,-,+,+,Distress
SBIN,2019-03,+,+,+,Aggressive Expansion
SBIN,2020-03,+,-,+,Growth Financed Externally
SBIN,2021-03,+,-,+,Growth Financed Externally
SBIN,2022-03,+,-,-,Reinvestor
SBIN,2023-03,-,-,+,Distress
SBIN,2024-03,+,-,-,Shareholder Returns
SHREECEM,2013-06,+,-,-,Reinvestor
SHREECEM,2014-06,+,-,-,Reinvestor
SHREECEM,2015-06,+,-,-,Reinvestor
SHREECEM,2017-03,+,-,-,Reinvestor
SHREECEM,2018-03,+,-,+,Growth Financed Externally
SHREECEM,2019-03,+,-,-,Reinvestor
SHREECEM,2020-03,+,-,+,Growth Financed Externally
SHREECEM,2021-03,+,-,-,Reinvestor
SHREECEM,2022-03,+,-,-,Reinvestor
SHREECEM,2023-03,+,-,-,Reinvestor
SHREECEM,2024-03,+,-,-,Reinvestor
SHRIRAMFIN,2013-03,-,-,+,Distress
SHRIRAMFIN,2014-03,-,-,+,Distress
SHRIRAMFIN,2015-03,-,-,+,Distress
SHRIRAMFIN,2016-03,-,-,+,Distress
SHRIRAMFIN,2017-03,-,-,+,Distress
SHRIRAMFIN,2018-03,-,+,+,Distress
SHRIRAMFIN,2019-03,-,-,+,Distress
SHRIRAMFIN,2020-03,-,-,+,Distress
SHRIRAMFIN,2021-03,-,-,+,Distress
SHRIRAMFIN,2022-03,-,-,+,Distress
SHRIRAMFIN,2023-03,-,+,+,Distress
SHRIRAMFIN,2024-03,-,-,+,Distress
SIEMENS,2011-09,+,+,-,Deleveraging via Divestment
SIEMENS,2014-09,+,+,-,Deleveraging via Divestment
SIEMENS,2015-09,+,+,-,Deleveraging via Divestment
SIEMENS,2016-09,+,+,-,Deleveraging via Divestment
SIEMENS,2017-09,+,+,-,Deleveraging via Divestment
SIEMENS,2018-09,+,-,-,Shareholder Returns
SIEMENS,2019-09,+,-,-,Reinvestor
SIEMENS,2020-09,+,+,-,Deleveraging via Divestment
SIEMENS,2021-09,+,-,-,Reinvestor
SIEMENS,2022-09,+,-,-,Shareholder Returns
SIEMENS,2023-09,+,-,-,Shareholder Returns
SIEMENS,2024-09,+,-,-,Shareholder Returns
SUNPHARMA,2013-03,+,-,-,Shareholder Returns
SUNPHARMA,2014-03,+,-,+,Growth Financed Externally
SUNPHARMA,2015-03,+,-,-,Reinvestor
SUNPHARMA,2016-03,+,-,-,Reinvestor
SUNPHARMA,2017-03,+,-,-,Shareholder Returns
SUNPHARMA,2018-03,+,-,-,Reinvestor
SUNPHARMA,2019-03,+,-,-,Shareholder Returns
SUNPHARMA,2020-03,+,-,-,Reinvestor
SUNPHARMA,2021-03,+,+,-,Deleveraging via Divestment
SUNPHARMA,2022-03,+,-,-,Reinvestor
SUNPHARMA,2023-03,+,-,+,Growth Financed Externally
SUNPHARMA,2024-03,+,-,-,Reinvestor
TATACONSUM,2013-03,+,+,+,Aggressive Expansion
TATACONSUM,2014-03,+,-,-,Shareholder Returns
TATACONSUM,2015-03,+,-,-,Reinvestor
TATACONSUM,2016-03,+,+,-,Deleveraging via Divestment
TATACONSUM,2017-03,+,+,-,Deleveraging via Divestment
TATACONSUM,2018-03,+,-,-,Shareholder Returns
TATACONSUM,2019-03,+,+,-,Deleveraging via Divestment
TATACONSUM,2020-03,+,-,-,Reinvestor
TATACONSUM,2021-03,+,-,-,Reinvestor
TATACONSUM,2022-03,+,-,-,Reinvestor
TATACONSUM,2023-03,+,-,-,Reinvestor
TATACONSUM,2024-03,+,-,+,Growth Financed Externally
TATAMOTORS,2013-03,+,-,-,Reinvestor
TATAMOTORS,2014-03,+,-,-,Reinvestor
TATAMOTORS,2015-03,+,-,+,Growth Financed Externally
TATAMOTORS,2016-03,+,-,-,Reinvestor
TATAMOTORS,2017-03,+,-,+,Growth Financed Externally
TATAMOTORS,2018-03,+,-,+,Growth Financed Externally
TATAMOTORS,2019-03,+,-,+,Growth Financed Externally
TATAMOTORS,2020-03,+,-,+,Growth Financed Externally
TATAMOTORS,2021-03,+,-,+,Growth Financed Externally
TATAMOTORS,2022-03,+,-,-,Shareholder Returns
TATAMOTORS,2023-03,+,-,-,Reinvestor
TATAMOTORS,2024-03,+,-,-,Reinvestor
TATAPOWER,2013-03,+,-,-,Reinvestor
TATAPOWER,2014-03,+,-,-,Reinvestor
TATAPOWER,2015-03,+,-,-,Reinvestor
TATAPOWER,2016-03,+,-,-,Reinvestor
TATAPOWER,2017-03,+,-,+,Growth Financed Externally
TATAPOWER,2018-03,+,-,-,Reinvestor
TATAPOWER,2019-03,+,-,-,Reinvestor
TATAPOWER,2020-03,+,-,-,Reinvestor
TATAPOWER,2021-03,+,+,-,Deleveraging via Divestment
TATAPOWER,2022-03,+,-,-,Reinvestor
TATAPOWER,2023-03,+,-,+,Growth Financed Externally
TATAPOWER,2024-03,+,-,-,Reinvestor
TATASTEEL,2013-03,+,-,-,Shareholder Returns
TATASTEEL,2014-03,+,-,+,Growth Financed Externally
TATASTEEL,2015-03,+,-,-,Shareholder Returns
TATASTEEL,2016-03,+,-,-,Shareholder Returns
TATASTEEL,2017-03,+,-,-,Shareholder Returns
TATASTEEL,2018-03,+,-,+,Growth Financed Externally
TATASTEEL,2019-03,+,-,-,Reinvestor
TATASTEEL,2020-03,+,-,-,Reinvestor
TATASTEEL,2021-03,+,-,-,Reinvestor
TATASTEEL,2022-03,+,-,-,Reinvestor
TATASTEEL,2023-03,+,-,-,Reinvestor
TATASTEEL,2024-03,+,-,-,Shareholder Returns
TCS,2013-03,+,-,-,Shareholder Returns
TCS,2014-03,+,-,-,Shareholder Returns
TCS,2015-03,+,-,-,Shareholder Returns
TCS,2016-03,+,-,-,Shareholder Returns
TCS,2017-03,+,-,-,Shareholder Returns
TCS,2018-03,+,+,-,Deleveraging via Divestment
TCS,2019-03,+,+,-,Deleveraging via Divestment
TCS,2020-03,+,+,-,Deleveraging via Divestment
TCS,2021-03,+,-,-,Reinvestor
TCS,2022-03,+,-,-,Reinvestor
TCS,2023-03,+,+,-,Deleveraging via Divestment
TCS,2024-03,+,+,-,Deleveraging via Divestment
TECHM,2013-03,+,-,+,Growth Financed Externally
TECHM,2014-03,+,+,-,Deleveraging via Divestment
TECHM,2015-03,+,-,-,Shareholder Returns
TECHM,2016-03,+,-,-,Reinvestor
TECHM,2017-03,+,-,-,Reinvestor
TECHM,2018-03,+,-,-,Shareholder Returns
TECHM,2019-03,+,-,-,Reinvestor
TECHM,2020-03,+,+,-,Deleveraging via Divestment
TECHM,2021-03,+,-,-,Reinvestor
TECHM,2022-03,+,+,-,Deleveraging via Divestment
TECHM,2023-03,+,-,-,Reinvestor
TECHM,2024-03,+,-,-,Reinvestor
TITAN,2013-03,+,-,-,Shareholder Returns
TITAN,2014-03,-,-,+,Distress
TITAN,2015-03,+,-,-,Shareholder Returns
TITAN,2016-03,+,-,-,Shareholder Returns
TITAN,2017-03,+,-,-,Reinvestor
TITAN,2018-03,-,+,-,Distressed Asset Sale
TITAN,2019-03,+,-,-,Shareholder Returns
TITAN,2020-03,-,+,-,Distressed Asset Sale
TITAN,2021-03,+,-,-,Reinvestor
TITAN,2022-03,-,+,-,Distressed Asset Sale
TITAN,2023-03,+,-,+,Growth Financed Externally
TITAN,2024-03,+,-,-,Shareholder Returns
TORNTPHARM,2013-03,+,-,+,Growth Financed Externally
TORNTPHARM,2014-03,+,-,+,Growth Financed Externally
TORNTPHARM,2015-03,+,-,+,Growth Financed Externally
TORNTPHARM,2016-03,+,-,-,Reinvestor
TORNTPHARM,2017-03,+,-,-,Reinvestor
TORNTPHARM,2018-03,+,-,+,Growth Financed Externally
TORNTPHARM,2019-03,+,-,-,Reinvestor
TORNTPHARM,2020-03,+,+,-,Deleveraging via Divestment
TORNTPHARM,2021-03,+,-,-,Reinvestor
TORNTPHARM,2022-03,+,-,-,Reinvestor
TORNTPHARM,2023-03,+,-,+,Growth Financed Externally
TORNTPHARM,2024-03,+,-,-,Reinvestor
TRENT,2013-03,+,-,+,Growth Financed Externally
TRENT,2014-03,-,-,-,Cash Burn
TRENT,2015-03,-,-,+,Distress
TRENT,2016-03,+,-,-,Reinvestor
TRENT,2017-03,+,-,-,Reinvestor
TRENT,2018-03,+,-,-,Shareholder Returns
TRENT,2019-03,+,-,+,Growth Financed Externally
TRENT,2020-03,+,-,+,Growth Financed Externally
TRENT,2021-03,+,+,-,Deleveraging via Divestment
TRENT,2022-03,+,+,-,Deleveraging via Divestment
TRENT,2023-03,+,-,-,Reinvestor
TRENT,2024-03,+,-,-,Shareholder Returns
TVSMOTOR,2013-03,+,-,-,Reinvestor
TVSMOTOR,2014-03,+,-,-,Reinvestor
TVSMOTOR,2015-03,+,-,+,Growth Financed Externally
TVSMOTOR,2016-03,+,-,-,Reinvestor
TVSMOTOR,2017-03,+,-,-,Reinvestor
TVSMOTOR,2018-03,+,-,+,Growth Financed Externally
TVSMOTOR,2019-03,-,-,+,Distress
TVSMOTOR,2020-03,+,-,+,Growth Financed Externally
TVSMOTOR,2021-03,+,-,+,Growth Financed Externally
TVSMOTOR,2022-03,-,-,+,Distress
TVSMOTOR,2023-03,-,-,+,Distress
TVSMOTOR,2024-03,-,-,+,Distress
INDIGO,2013-03,+,-,+,Growth Financed Externally
INDIGO,2014-03,+,-,+,Growth Financed Externally
INDIGO,2015-03,+,-,-,Reinvestor
INDIGO,2016-03,+,-,-,Reinvestor
INDIGO,2017-03,+,-,-,Reinvestor
INDIGO,2018-03,+,-,+,Growth Financed Externally
INDIGO,2019-03,+,-,-,Reinvestor
INDIGO,2020-03,+,-,-,Shareholder Returns
INDIGO,2021-03,-,+,-,Distressed Asset Sale
INDIGO,2022-03,+,+,-,Deleveraging via Divestment
INDIGO,2023-03,+,-,-,Shareholder Returns
INDIGO,2024-03,+,-,-,Reinvestor
